{
    "roberta_neg": 0.0023407102562487125,
    "roberta_neu": 0.018144499510526657,
    "roberta_pos": 0.9795148372650146,
    "keywords": [
        [
            8.5,
            "denture looking new"
        ],
        [
            4.5,
            "denture cleaner"
        ],
        [
            4.0,
            "ever used"
        ],
        [
            1.0,
            "stain"
        ],
        [
            1.0,
            "remove"
        ],
        [
            1.0,
            "keep"
        ],
        [
            1.0,
            "best"
        ]
    ]
}