{
    "negative": 0.0023407102562487125,
    "neutral": 0.018144499510526657,
    "positive": 0.9795148372650146,
    "keywords": [
        {
            8.5,
            "denture looking new"
        },
        [
            4.5,
            "denture cleaner"
        ],
        [
            4.0,
            "ever used"
        ],
        [
            1.0,
            "stain"
        ],
        [
            1.0,
            "remove"
        ],
        [
            1.0,
            "keep"
        ],
        [
            1.0,
            "best"
        ]
    ]
}